table_id,nom,domaine,date_derniere_maj,taille_go,proprietaire,classif_sensibilite
TBL_0001,rh_ça_1,RH,2024-11-02,55.75,Michèle Lacombe,Confidentiel
TBL_0002,rh_portier_2,RH,2024-08-17,111.68,Louis Rousset,Confidentiel
TBL_0003,rh_immense_3,RH,2024-11-09,370.36,Arthur Vaillant,Interne
TBL_0004,rh_devant_4,RH,2024-10-23,211.02,Honoré Roy,Public
TBL_0005,rh_pensée_5,RH,2024-08-12,116.41,Rémy Deschamps,Interne
TBL_0006,rh_voie_6,RH,2024-10-17,99.5,Alice Jacquot de Wagner,Interne
TBL_0007,rh_besoin_7,RH,2024-10-14,209.82,Denise Barbe,Interne
TBL_0008,rh_émotion_8,RH,2024-08-24,404.73,Alix Colas,Public
TBL_0009,rh_souvent_9,RH,2024-12-04,79.91,Roland de la Boyer,Interne
TBL_0010,rh_moitié_10,RH,2024-08-23,77.82,Zacharie Pereira,Strictement confidentiel
TBL_0011,rh_raconter_11,RH,2024-09-04,51.19,Anastasie-Madeleine Durand,Interne
TBL_0012,rh_fille_12,RH,2024-09-08,423.76,Martin Berger,Interne
TBL_0013,rh_enfin_13,RH,2024-12-04,21.82,Guillaume Guillaume de la Robin,Interne
TBL_0014,rh_reste_14,RH,2024-07-25,486.56,Bernadette Rocher,Interne
TBL_0015,rh_chaque_15,RH,2024-10-16,146.66,René Carre,Interne
TBL_0016,rh_dresser_16,RH,2024-12-19,430.87,Valentine de la Peron,Interne
TBL_0017,rh_sable_17,RH,2024-11-14,34.87,Zacharie Thomas,Interne
TBL_0018,rh_déchirer_18,RH,2024-11-28,144.77,Yves Bertrand du Bonneau,Public
TBL_0019,rh_puisque_19,RH,2024-08-15,433.26,Pénélope Da Silva,Interne
TBL_0020,rh_alors_20,RH,2024-09-27,317.88,Margot Launay,Interne
TBL_0021,rh_pas_21,RH,2024-09-10,177.7,Joseph Morin Le Techer,Interne
TBL_0022,rh_deviner_22,RH,2024-11-14,468.33,Julien Barthelemy,Interne
TBL_0023,rh_croix_23,RH,2024-10-27,317.53,Margaret Rivière,Interne
TBL_0024,rh_sable_24,RH,2024-08-17,81.78,Simone Maillet,Interne
TBL_0025,rh_important_25,RH,2024-12-27,320.04,Michel Meunier,Interne
TBL_0026,rh_calme_26,RH,2024-11-10,162.21,Benjamin Fabre,Confidentiel
TBL_0027,rh_charger_27,RH,2024-07-11,114.6,Laure-Élisabeth Léger,Public
TBL_0028,rh_tout_28,RH,2024-08-31,200.64,Andrée-Dorothée Renault,Public
TBL_0029,rh_doute_29,RH,2024-12-25,471.46,Constance Techer,Confidentiel
TBL_0030,rh_homme_30,RH,2024-08-31,106.39,Édith-Alex Vincent,Interne
TBL_0031,rh_ensuite_31,RH,2024-12-19,457.28,Martine Dubois-Blin,Interne
TBL_0032,rh_préparer_32,RH,2024-08-21,69.9,Xavier Moulin-Goncalves,Confidentiel
TBL_0033,rh_intéresser_33,RH,2024-10-13,131.44,Joséphine Costa-Dubois,Interne
TBL_0034,rh_couvrir_34,RH,2024-12-22,291.81,Monique Ollivier,Interne
TBL_0035,rh_lui_35,RH,2024-07-27,254.81,Hélène Guilbert,Public
TBL_0036,rh_bas_36,RH,2024-07-10,430.57,Agnès Le Blot,Public
TBL_0037,rh_inviter_37,RH,2024-08-01,396.06,Marcel Allain de Dupré,Interne
TBL_0038,rh_composer_38,RH,2024-07-13,192.45,Émilie-Josette Diallo,Interne
TBL_0039,rh_miser_39,RH,2024-09-29,264.6,Caroline Blin,Strictement confidentiel
TBL_0040,rh_impression_40,RH,2024-12-15,471.22,Olivier Hervé-Hernandez,Interne
TBL_0041,rh_partir_41,RH,2024-07-23,340.89,Adrien-Thomas Blanc,Interne
TBL_0042,rh_jour_42,RH,2024-08-21,384.32,Olivier Boulay-Gay,Interne
TBL_0043,rh_mince_43,RH,2024-08-26,217.44,Thierry Clerc,Interne
TBL_0044,rh_mille_44,RH,2024-11-18,437.94,Nath Fontaine,Public
TBL_0045,rh_garçon_45,RH,2024-10-06,381.0,Sébastien Hamon,Interne
TBL_0046,rh_haut_46,RH,2024-07-21,435.27,Richard Rémy-Alves,Public
TBL_0047,rh_quelque_47,RH,2024-11-02,253.88,Alphonse Carlier,Public
TBL_0048,rh_depuis_48,RH,2024-09-11,381.28,Marc Nicolas,Interne
TBL_0049,rh_petit_49,RH,2024-11-29,461.22,Chantal Carre de la Ferrand,Strictement confidentiel
TBL_0050,rh_goût_50,RH,2024-10-25,162.15,Patricia Perrin-Texier,Public
TBL_0051,finance_cent_1,Finance,2024-12-28,181.55,Antoine-Benjamin Duhamel,Strictement confidentiel
TBL_0052,finance_même_2,Finance,2024-12-04,153.83,Matthieu Chauvet de Valentin,Public
TBL_0053,finance_digne_3,Finance,2024-12-18,283.72,Xavier Boulanger,Public
TBL_0054,finance_goût_4,Finance,2024-11-20,243.05,Emmanuelle Hardy,Public
TBL_0055,finance_coucher_5,Finance,2024-11-25,266.4,Julien Pichon,Public
TBL_0056,finance_pays_6,Finance,2024-11-06,237.69,Françoise-Nicole Lefèvre,Interne
TBL_0057,finance_autre_7,Finance,2024-08-21,263.88,Théophile Peltier,Interne
TBL_0058,finance_type_8,Finance,2024-08-11,464.46,Aimée Tanguy,Confidentiel
TBL_0059,finance_neuf_9,Finance,2024-11-11,100.66,Victoire du Lebon,Interne
TBL_0060,finance_claire_10,Finance,2024-11-08,324.97,Victor de Camus,Interne
TBL_0061,finance_sourd_11,Finance,2024-10-09,225.8,Maurice Vaillant-Ribeiro,Public
TBL_0062,finance_feuille_12,Finance,2024-07-13,169.11,Thierry Merle-Aubert,Interne
TBL_0063,finance_en_13,Finance,2024-08-14,294.26,Aimé Gomez-Michaud,Public
TBL_0064,finance_amener_14,Finance,2024-11-15,315.59,Marcel Baron,Public
TBL_0065,finance_réfléchir_15,Finance,2024-12-23,15.8,Hortense Lebreton,Interne
TBL_0066,finance_juste_16,Finance,2024-10-08,119.08,Émile Lesage-Benard,Interne
TBL_0067,finance_oiseau_17,Finance,2024-08-11,269.66,Benoît Garnier-Blanchet,Confidentiel
TBL_0068,finance_former_18,Finance,2024-12-19,285.56,Julie-Capucine Bailly,Interne
TBL_0069,finance_épais_19,Finance,2024-11-30,236.54,Thérèse-Brigitte Clerc,Interne
TBL_0070,finance_large_20,Finance,2024-07-19,48.56,Lucy Poulain Le Benard,Interne
TBL_0071,finance_digne_21,Finance,2024-09-21,205.61,Susanne-Christiane Maillard,Confidentiel
TBL_0072,finance_neuf_22,Finance,2024-07-11,336.71,Christophe Maillet,Strictement confidentiel
TBL_0073,finance_été_23,Finance,2024-07-20,30.4,Bernard Munoz,Confidentiel
TBL_0074,finance_qui_24,Finance,2024-12-03,430.85,Alfred Gonzalez de la Imbert,Public
TBL_0075,finance_éloigner_25,Finance,2024-08-06,268.19,Catherine Chauvin,Public
TBL_0076,finance_queue_26,Finance,2024-08-05,139.34,Alphonse Weber Le Bertin,Public
TBL_0077,finance_ensemble_27,Finance,2024-12-27,37.78,Augustin Lagarde,Confidentiel
TBL_0078,finance_éclairer_28,Finance,2024-12-14,275.21,Noël Boulanger-Rodrigues,Public
TBL_0079,finance_tu_29,Finance,2024-10-13,418.03,Franck Besson,Strictement confidentiel
TBL_0080,finance_pénétrer_30,Finance,2024-12-27,376.81,Olivier Labbé,Public
TBL_0081,finance_casser_31,Finance,2024-09-17,242.87,Élodie Rodriguez,Public
TBL_0082,finance_acheter_32,Finance,2024-09-16,451.23,Lucas Perrot,Public
TBL_0083,finance_six_33,Finance,2024-07-01,492.66,Denis-Étienne Perrier,Public
TBL_0084,finance_musique_34,Finance,2024-11-30,392.59,Julie Pichon,Public
TBL_0085,finance_déjà_35,Finance,2024-11-13,478.66,Édith du Huet,Strictement confidentiel
TBL_0086,finance_homme_36,Finance,2024-10-16,330.97,Roland Maillard,Interne
TBL_0087,finance_montrer_37,Finance,2024-08-06,148.42,Céline Julien,Strictement confidentiel
TBL_0088,finance_été_38,Finance,2024-10-21,367.9,Thierry Martin,Public
TBL_0089,finance_venir_39,Finance,2024-08-30,28.68,Arthur Guillaume,Interne
TBL_0090,finance_promener_40,Finance,2024-10-06,459.7,Franck Perrier,Interne
TBL_0091,finance_avouer_41,Finance,2024-07-12,480.39,Susanne De Oliveira-Pineau,Public
TBL_0092,finance_joue_42,Finance,2024-08-06,34.35,Yves Marty,Public
TBL_0093,finance_queue_43,Finance,2024-12-15,117.68,Édouard Le Roux-Julien,Public
TBL_0094,finance_silence_44,Finance,2024-12-20,284.88,Nicole Bigot-Brun,Interne
TBL_0095,finance_vie_45,Finance,2024-07-08,309.73,Caroline Perrier,Interne
TBL_0096,finance_semaine_46,Finance,2024-10-22,282.66,Diane Jacob,Interne
TBL_0097,finance_battre_47,Finance,2024-08-20,102.21,Édouard Sanchez-De Sousa,Confidentiel
TBL_0098,finance_chiffre_48,Finance,2024-08-16,132.88,Adèle Roussel,Public
TBL_0099,finance_étaler_49,Finance,2024-11-03,150.07,Océane Pascal,Interne
TBL_0100,finance_retourner_50,Finance,2024-11-23,467.87,Guy-Pierre Chauvin,Public
TBL_0101,marketing_tour_1,Marketing,2024-10-29,499.23,Philippe François du Laporte,Strictement confidentiel
TBL_0102,marketing_cela_2,Marketing,2024-07-15,268.86,Michèle Benoit,Interne
TBL_0103,marketing_à_3,Marketing,2024-07-26,466.64,Alfred-Joseph Laine,Confidentiel
TBL_0104,marketing_travail_4,Marketing,2024-12-18,122.22,Virginie-Brigitte Bonneau,Public
TBL_0105,marketing_découvrir_5,Marketing,2024-09-24,416.89,Christine Clerc,Confidentiel
TBL_0106,marketing_objet_6,Marketing,2024-10-27,491.93,Luc Giraud de la Delattre,Confidentiel
TBL_0107,marketing_attacher_7,Marketing,2024-10-11,4.01,Théophile-Denis Ferreira,Confidentiel
TBL_0108,marketing_soin_8,Marketing,2024-08-28,465.88,Valentine Fabre,Public
TBL_0109,marketing_arbre_9,Marketing,2024-12-18,67.23,Vincent Baudry de la Louis,Public
TBL_0110,marketing_pendant_10,Marketing,2024-07-21,371.23,Élise du Guichard,Public
TBL_0111,marketing_douter_11,Marketing,2024-08-24,302.45,Margot Hebert,Confidentiel
TBL_0112,marketing_intérieur_12,Marketing,2024-08-09,343.78,Thibaut Guérin,Confidentiel
TBL_0113,marketing_recueillir_13,Marketing,2024-10-07,244.32,Danielle Didier,Strictement confidentiel
TBL_0114,marketing_frais_14,Marketing,2024-12-12,25.49,Lorraine-Odette Huet,Interne
TBL_0115,marketing_apprendre_15,Marketing,2024-12-09,138.41,Gabrielle Guyon,Public
TBL_0116,marketing_papa_16,Marketing,2024-11-27,65.5,Anastasie Blin,Strictement confidentiel
TBL_0117,marketing_bois_17,Marketing,2024-08-01,370.64,Luce Chrétien,Interne
TBL_0118,marketing_être_18,Marketing,2024-09-22,280.5,Jean du Camus,Public
TBL_0119,marketing_signifier_19,Marketing,2024-12-19,345.54,Chantal Lacroix,Public
TBL_0120,marketing_précéder_20,Marketing,2024-07-07,417.31,Chantal Valette,Interne
TBL_0121,marketing_plaindre_21,Marketing,2024-07-29,214.95,Marthe Lejeune du Neveu,Public
TBL_0122,marketing_essuyer_22,Marketing,2024-09-09,449.5,André Lemaire,Confidentiel
TBL_0123,marketing_exécuter_23,Marketing,2024-12-15,20.04,Marc Gautier-Gonzalez,Interne
TBL_0124,marketing_croire_24,Marketing,2024-11-10,124.84,Jérôme Bailly-Lebon,Public
TBL_0125,marketing_profond_25,Marketing,2024-11-29,279.99,Lucas Colin,Confidentiel
TBL_0126,marketing_un_26,Marketing,2024-10-29,374.76,Marcelle Morel,Strictement confidentiel
TBL_0127,marketing_pierre_27,Marketing,2024-08-15,432.32,Théodore Buisson,Strictement confidentiel
TBL_0128,marketing_prison_28,Marketing,2024-12-05,88.61,Océane Huet-Imbert,Interne
TBL_0129,marketing_étage_29,Marketing,2024-08-04,368.31,Gérard Roche,Interne
TBL_0130,marketing_moyen_30,Marketing,2024-12-28,205.92,Hélène Baudry-Dumont,Interne
TBL_0131,marketing_croix_31,Marketing,2024-11-20,405.39,Margot-Capucine Thomas,Public
TBL_0132,marketing_examiner_32,Marketing,2024-11-30,350.67,Henri Gomes,Interne
TBL_0133,marketing_résultat_33,Marketing,2024-07-08,429.31,Suzanne de Picard,Public
TBL_0134,marketing_système_34,Marketing,2024-12-06,459.23,Guillaume de Payet,Interne
TBL_0135,marketing_sommet_35,Marketing,2024-12-07,397.69,Françoise Prévost,Public
TBL_0136,marketing_course_36,Marketing,2024-07-05,330.05,Robert-Léon Laroche,Interne
TBL_0137,marketing_coucher_37,Marketing,2024-08-24,432.19,Pénélope Gérard,Strictement confidentiel
TBL_0138,marketing_bon_38,Marketing,2024-08-24,175.64,Margaud Fabre de Vasseur,Interne
TBL_0139,marketing_as_39,Marketing,2024-11-09,490.58,Paul Barbe,Interne
TBL_0140,marketing_étoile_40,Marketing,2024-12-30,13.9,Guillaume Gilbert-Blanchard,Confidentiel
TBL_0141,marketing_cesse_41,Marketing,2024-08-20,89.37,Zoé-Jeanne Moreau,Strictement confidentiel
TBL_0142,marketing_ventre_42,Marketing,2024-08-21,19.22,Antoine Simon,Interne
TBL_0143,marketing_campagne_43,Marketing,2024-09-06,364.3,Madeleine-Audrey Lagarde,Interne
TBL_0144,marketing_croiser_44,Marketing,2024-10-26,492.12,Alain Cordier,Public
TBL_0145,marketing_taire_45,Marketing,2024-12-22,288.34,Jean Devaux,Public
TBL_0146,marketing_rapidement_46,Marketing,2024-11-15,218.09,Denise Bourgeois,Interne
TBL_0147,marketing_rencontrer_47,Marketing,2024-12-04,269.27,Zacharie Lemonnier,Confidentiel
TBL_0148,marketing_songer_48,Marketing,2024-11-22,368.55,Thomas-Paul Barre,Public
TBL_0149,marketing_ramasser_49,Marketing,2024-09-22,35.08,Édouard Roussel,Interne
TBL_0150,marketing_apporter_50,Marketing,2024-09-03,311.62,Simone Gay,Interne
TBL_0151,ventes_soldat_1,Ventes,2024-07-25,359.91,Thomas Masson,Interne
TBL_0152,ventes_empire_2,Ventes,2024-08-30,333.48,Adrien Besson,Interne
TBL_0153,ventes_briser_3,Ventes,2024-11-13,147.9,Brigitte Alves Le Perrin,Public
TBL_0154,ventes_montagne_4,Ventes,2024-09-20,332.5,Édouard Arnaud,Interne
TBL_0155,ventes_paysan_5,Ventes,2024-11-23,451.41,Susanne Valentin,Interne
TBL_0156,ventes_dernier_6,Ventes,2024-08-28,203.1,Alfred-Jérôme Lesage,Confidentiel
TBL_0157,ventes_cabinet_7,Ventes,2024-08-29,143.53,Gilles Barbe,Interne
TBL_0158,ventes_peine_8,Ventes,2024-10-21,303.37,Gabriel Barthelemy,Interne
TBL_0159,ventes_loup_9,Ventes,2024-09-24,221.14,Inès Garnier,Public
TBL_0160,ventes_tache_10,Ventes,2024-09-30,396.89,Franck Charrier,Strictement confidentiel
TBL_0161,ventes_refuser_11,Ventes,2024-11-20,84.93,Paul Picard,Public
TBL_0162,ventes_propre_12,Ventes,2024-10-09,331.96,William Chauvin de la Lemoine,Interne
TBL_0163,ventes_nommer_13,Ventes,2024-07-19,409.23,Noël Laroche,Confidentiel
TBL_0164,ventes_ci_14,Ventes,2024-11-08,155.28,Céline-Éléonore Caron,Confidentiel
TBL_0165,ventes_genre_15,Ventes,2024-07-29,12.31,Henriette de la Martins,Public
TBL_0166,ventes_prêter_16,Ventes,2024-10-01,305.68,Sabine Marty-Mary,Confidentiel
TBL_0167,ventes_se_17,Ventes,2024-09-27,207.28,Constance-Agnès Masson,Interne
TBL_0168,ventes_traiter_18,Ventes,2024-08-07,359.2,Gabrielle Gros,Interne
TBL_0169,ventes_peau_19,Ventes,2024-09-16,122.07,Guy Devaux-Delaunay,Interne
TBL_0170,ventes_répéter_20,Ventes,2024-07-02,446.34,Margaud Brunel,Confidentiel
TBL_0171,ventes_état_21,Ventes,2024-12-19,53.38,Suzanne-Maryse Lebreton,Interne
TBL_0172,ventes_choisir_22,Ventes,2024-08-04,402.07,Patrick Lefebvre,Interne
TBL_0173,ventes_falloir_23,Ventes,2024-09-29,25.2,Céline Verdier,Public
TBL_0174,ventes_disparaître_24,Ventes,2024-12-12,60.77,Aurélie Alexandre,Public
TBL_0175,ventes_gloire_25,Ventes,2024-09-29,333.82,Hugues-Émile Dupré,Strictement confidentiel
TBL_0176,ventes_magnifique_26,Ventes,2024-10-24,158.72,Guillaume Mahe Le Robin,Confidentiel
TBL_0177,ventes_continuer_27,Ventes,2024-09-24,306.36,Louise Dos Santos-Dubois,Confidentiel
TBL_0178,ventes_toujours_28,Ventes,2024-10-07,213.43,Michelle Lemaître,Strictement confidentiel
TBL_0179,ventes_tapis_29,Ventes,2024-09-25,448.61,Théophile Coste-Boucher,Confidentiel
TBL_0180,ventes_recherche_30,Ventes,2024-10-01,225.09,Jacques Carpentier de la Baudry,Confidentiel
TBL_0181,ventes_terrible_31,Ventes,2024-12-11,318.87,Élise Le Rousset,Confidentiel
TBL_0182,ventes_action_32,Ventes,2024-10-10,242.35,Auguste Ferrand,Public
TBL_0183,ventes_salut_33,Ventes,2024-09-24,38.83,Isaac Rivière-Clément,Public
TBL_0184,ventes_profondément_34,Ventes,2024-08-22,167.99,Étienne-Alphonse Faure,Confidentiel
TBL_0185,ventes_heure_35,Ventes,2024-07-16,69.27,Paul Lefèvre,Public
TBL_0186,ventes_on_36,Ventes,2024-11-12,76.49,Benjamin Courtois,Public
TBL_0187,ventes_apparence_37,Ventes,2024-09-19,203.86,Alexandre Pruvost,Interne
TBL_0188,ventes_tout_38,Ventes,2024-09-19,31.23,Marc Normand,Confidentiel
TBL_0189,ventes_fois_39,Ventes,2024-09-14,452.43,Paul de la Wagner,Interne
TBL_0190,ventes_pourquoi_40,Ventes,2024-11-13,9.86,Pierre-Lucas Becker,Confidentiel
TBL_0191,ventes_manier_41,Ventes,2024-10-20,190.25,Antoinette Rousset,Public
TBL_0192,ventes_regretter_42,Ventes,2024-09-07,149.38,Andrée Le Dupuis,Interne
TBL_0193,ventes_foi_43,Ventes,2024-12-21,476.72,Laurent Guichard,Interne
TBL_0194,ventes_mensonge_44,Ventes,2024-11-23,367.34,Thibault Pages du Hervé,Confidentiel
TBL_0195,ventes_désert_45,Ventes,2024-12-22,110.35,Rémy Delattre,Public
TBL_0196,ventes_situation_46,Ventes,2024-09-23,242.87,Isabelle de la Perret,Interne
TBL_0197,ventes_encore_47,Ventes,2024-11-07,339.6,Thibaut Bernard,Interne
TBL_0198,ventes_saluer_48,Ventes,2024-08-02,420.27,Alfred Didier,Strictement confidentiel
TBL_0199,ventes_chercher_49,Ventes,2024-10-29,267.11,Benoît Bourdon,Strictement confidentiel
TBL_0200,ventes_partie_50,Ventes,2024-10-23,282.24,Charles Bertin,Public
