table_id,nom,domaine,proprietaire,classif_sensibilite
TBL_0001,rh_ça_1,RH,Michèle Lacombe,Confidentiel
TBL_0002,rh_portier_2,RH,Louis Rousset,Confidentiel
TBL_0003,rh_immense_3,RH,Arthur Vaillant,Interne
TBL_0004,rh_devant_4,RH,Honoré Roy,Public
TBL_0005,rh_pensée_5,RH,Rémy Deschamps,Interne
TBL_0006,rh_voie_6,RH,Alice Jacquot de Wagner,Interne
TBL_0007,rh_besoin_7,RH,Denise Barbe,Interne
TBL_0008,rh_émotion_8,RH,Alix Colas,Public
TBL_0009,rh_souvent_9,RH,Roland de la Boyer,Interne
TBL_0010,rh_moitié_10,RH,Zacharie Pereira,Strictement confidentiel
TBL_0011,rh_raconter_11,RH,Anastasie-Madeleine Durand,Interne
TBL_0012,rh_fille_12,RH,Martin Berger,Interne
TBL_0013,rh_enfin_13,RH,Guillaume Guillaume de la Robin,Interne
TBL_0014,rh_reste_14,RH,Bernadette Rocher,Interne
TBL_0015,rh_chaque_15,RH,René Carre,Interne
TBL_0016,rh_dresser_16,RH,Valentine de la Peron,Interne
TBL_0017,rh_sable_17,RH,Zacharie Thomas,Interne
TBL_0018,rh_déchirer_18,RH,Yves Bertrand du Bonneau,Public
TBL_0019,rh_puisque_19,RH,Pénélope Da Silva,Interne
TBL_0020,rh_alors_20,RH,Margot Launay,Interne
TBL_0021,rh_pas_21,RH,Joseph Morin Le Techer,Interne
TBL_0022,rh_deviner_22,RH,Julien Barthelemy,Interne
TBL_0023,rh_croix_23,RH,Margaret Rivière,Interne
TBL_0024,rh_sable_24,RH,Simone Maillet,Interne
TBL_0025,rh_important_25,RH,Michel Meunier,Interne
TBL_0026,rh_calme_26,RH,Benjamin Fabre,Confidentiel
TBL_0027,rh_charger_27,RH,Laure-Élisabeth Léger,Public
TBL_0028,rh_tout_28,RH,Andrée-Dorothée Renault,Public
TBL_0029,rh_doute_29,RH,Constance Techer,Confidentiel
TBL_0030,rh_homme_30,RH,Édith-Alex Vincent,Interne
TBL_0031,rh_ensuite_31,RH,Martine Dubois-Blin,Interne
TBL_0032,rh_préparer_32,RH,Xavier Moulin-Goncalves,Confidentiel
TBL_0033,rh_intéresser_33,RH,Joséphine Costa-Dubois,Interne
TBL_0034,rh_couvrir_34,RH,Monique Ollivier,Interne
TBL_0035,rh_lui_35,RH,Hélène Guilbert,Public
TBL_0036,rh_bas_36,RH,Agnès Le Blot,Public
TBL_0037,rh_inviter_37,RH,Marcel Allain de Dupré,Interne
TBL_0038,rh_composer_38,RH,Émilie-Josette Diallo,Interne
TBL_0039,rh_miser_39,RH,Caroline Blin,Strictement confidentiel
TBL_0040,rh_impression_40,RH,Olivier Hervé-Hernandez,Interne
TBL_0041,rh_partir_41,RH,Adrien-Thomas Blanc,Interne
TBL_0042,rh_jour_42,RH,Olivier Boulay-Gay,Interne
TBL_0043,rh_mince_43,RH,Thierry Clerc,Interne
TBL_0044,rh_mille_44,RH,Nath Fontaine,Public
TBL_0045,rh_garçon_45,RH,Sébastien Hamon,Interne
TBL_0046,rh_haut_46,RH,Richard Rémy-Alves,Public
TBL_0047,rh_quelque_47,RH,Alphonse Carlier,Public
TBL_0048,rh_depuis_48,RH,Marc Nicolas,Interne
TBL_0049,rh_petit_49,RH,Chantal Carre de la Ferrand,Strictement confidentiel
TBL_0050,rh_goût_50,RH,Patricia Perrin-Texier,Public
TBL_0051,finance_cent_1,Finance,Antoine-Benjamin Duhamel,Strictement confidentiel
TBL_0052,finance_même_2,Finance,Matthieu Chauvet de Valentin,Public
TBL_0053,finance_digne_3,Finance,Xavier Boulanger,Public
TBL_0054,finance_goût_4,Finance,Emmanuelle Hardy,Public
TBL_0055,finance_coucher_5,Finance,Julien Pichon,Public
TBL_0056,finance_pays_6,Finance,Françoise-Nicole Lefèvre,Interne
TBL_0057,finance_autre_7,Finance,Théophile Peltier,Interne
TBL_0058,finance_type_8,Finance,Aimée Tanguy,Confidentiel
TBL_0059,finance_neuf_9,Finance,Victoire du Lebon,Interne
TBL_0060,finance_claire_10,Finance,Victor de Camus,Interne
TBL_0061,finance_sourd_11,Finance,Maurice Vaillant-Ribeiro,Public
TBL_0062,finance_feuille_12,Finance,Thierry Merle-Aubert,Interne
TBL_0063,finance_en_13,Finance,Aimé Gomez-Michaud,Public
TBL_0064,finance_amener_14,Finance,Marcel Baron,Public
TBL_0065,finance_réfléchir_15,Finance,Hortense Lebreton,Interne
TBL_0066,finance_juste_16,Finance,Émile Lesage-Benard,Interne
TBL_0067,finance_oiseau_17,Finance,Benoît Garnier-Blanchet,Confidentiel
TBL_0068,finance_former_18,Finance,Julie-Capucine Bailly,Interne
TBL_0069,finance_épais_19,Finance,Thérèse-Brigitte Clerc,Interne
TBL_0070,finance_large_20,Finance,Lucy Poulain Le Benard,Interne
TBL_0071,finance_digne_21,Finance,Susanne-Christiane Maillard,Confidentiel
TBL_0072,finance_neuf_22,Finance,Christophe Maillet,Strictement confidentiel
TBL_0073,finance_été_23,Finance,Bernard Munoz,Confidentiel
TBL_0074,finance_qui_24,Finance,Alfred Gonzalez de la Imbert,Public
TBL_0075,finance_éloigner_25,Finance,Catherine Chauvin,Public
TBL_0076,finance_queue_26,Finance,Alphonse Weber Le Bertin,Public
TBL_0077,finance_ensemble_27,Finance,Augustin Lagarde,Confidentiel
TBL_0078,finance_éclairer_28,Finance,Noël Boulanger-Rodrigues,Public
TBL_0079,finance_tu_29,Finance,Franck Besson,Strictement confidentiel
TBL_0080,finance_pénétrer_30,Finance,Olivier Labbé,Public
TBL_0081,finance_casser_31,Finance,Élodie Rodriguez,Public
TBL_0082,finance_acheter_32,Finance,Lucas Perrot,Public
TBL_0083,finance_six_33,Finance,Denis-Étienne Perrier,Public
TBL_0084,finance_musique_34,Finance,Julie Pichon,Public
TBL_0085,finance_déjà_35,Finance,Édith du Huet,Strictement confidentiel
TBL_0086,finance_homme_36,Finance,Roland Maillard,Interne
TBL_0087,finance_montrer_37,Finance,Céline Julien,Strictement confidentiel
TBL_0088,finance_été_38,Finance,Thierry Martin,Public
TBL_0089,finance_venir_39,Finance,Arthur Guillaume,Interne
TBL_0090,finance_promener_40,Finance,Franck Perrier,Interne
TBL_0091,finance_avouer_41,Finance,Susanne De Oliveira-Pineau,Public
TBL_0092,finance_joue_42,Finance,Yves Marty,Public
TBL_0093,finance_queue_43,Finance,Édouard Le Roux-Julien,Public
TBL_0094,finance_silence_44,Finance,Nicole Bigot-Brun,Interne
TBL_0095,finance_vie_45,Finance,Caroline Perrier,Interne
TBL_0096,finance_semaine_46,Finance,Diane Jacob,Interne
TBL_0097,finance_battre_47,Finance,Édouard Sanchez-De Sousa,Confidentiel
TBL_0098,finance_chiffre_48,Finance,Adèle Roussel,Public
TBL_0099,finance_étaler_49,Finance,Océane Pascal,Interne
TBL_0100,finance_retourner_50,Finance,Guy-Pierre Chauvin,Public
TBL_0101,marketing_tour_1,Marketing,Philippe François du Laporte,Strictement confidentiel
TBL_0102,marketing_cela_2,Marketing,Michèle Benoit,Interne
TBL_0103,marketing_à_3,Marketing,Alfred-Joseph Laine,Confidentiel
TBL_0104,marketing_travail_4,Marketing,Virginie-Brigitte Bonneau,Public
TBL_0105,marketing_découvrir_5,Marketing,Christine Clerc,Confidentiel
TBL_0106,marketing_objet_6,Marketing,Luc Giraud de la Delattre,Confidentiel
TBL_0107,marketing_attacher_7,Marketing,Théophile-Denis Ferreira,Confidentiel
TBL_0108,marketing_soin_8,Marketing,Valentine Fabre,Public
TBL_0109,marketing_arbre_9,Marketing,Vincent Baudry de la Louis,Public
TBL_0110,marketing_pendant_10,Marketing,Élise du Guichard,Public
TBL_0111,marketing_douter_11,Marketing,Margot Hebert,Confidentiel
TBL_0112,marketing_intérieur_12,Marketing,Thibaut Guérin,Confidentiel
TBL_0113,marketing_recueillir_13,Marketing,Danielle Didier,Strictement confidentiel
TBL_0114,marketing_frais_14,Marketing,Lorraine-Odette Huet,Interne
TBL_0115,marketing_apprendre_15,Marketing,Gabrielle Guyon,Public
TBL_0116,marketing_papa_16,Marketing,Anastasie Blin,Strictement confidentiel
TBL_0117,marketing_bois_17,Marketing,Luce Chrétien,Interne
TBL_0118,marketing_être_18,Marketing,Jean du Camus,Public
TBL_0119,marketing_signifier_19,Marketing,Chantal Lacroix,Public
TBL_0120,marketing_précéder_20,Marketing,Chantal Valette,Interne
TBL_0121,marketing_plaindre_21,Marketing,Marthe Lejeune du Neveu,Public
TBL_0122,marketing_essuyer_22,Marketing,André Lemaire,Confidentiel
TBL_0123,marketing_exécuter_23,Marketing,Marc Gautier-Gonzalez,Interne
TBL_0124,marketing_croire_24,Marketing,Jérôme Bailly-Lebon,Public
TBL_0125,marketing_profond_25,Marketing,Lucas Colin,Confidentiel
TBL_0126,marketing_un_26,Marketing,Marcelle Morel,Strictement confidentiel
TBL_0127,marketing_pierre_27,Marketing,Théodore Buisson,Strictement confidentiel
TBL_0128,marketing_prison_28,Marketing,Océane Huet-Imbert,Interne
TBL_0129,marketing_étage_29,Marketing,Gérard Roche,Interne
TBL_0130,marketing_moyen_30,Marketing,Hélène Baudry-Dumont,Interne
TBL_0131,marketing_croix_31,Marketing,Margot-Capucine Thomas,Public
TBL_0132,marketing_examiner_32,Marketing,Henri Gomes,Interne
TBL_0133,marketing_résultat_33,Marketing,Suzanne de Picard,Public
TBL_0134,marketing_système_34,Marketing,Guillaume de Payet,Interne
TBL_0135,marketing_sommet_35,Marketing,Françoise Prévost,Public
TBL_0136,marketing_course_36,Marketing,Robert-Léon Laroche,Interne
TBL_0137,marketing_coucher_37,Marketing,Pénélope Gérard,Strictement confidentiel
TBL_0138,marketing_bon_38,Marketing,Margaud Fabre de Vasseur,Interne
TBL_0139,marketing_as_39,Marketing,Paul Barbe,Interne
TBL_0140,marketing_étoile_40,Marketing,Guillaume Gilbert-Blanchard,Confidentiel
TBL_0141,marketing_cesse_41,Marketing,Zoé-Jeanne Moreau,Strictement confidentiel
TBL_0142,marketing_ventre_42,Marketing,Antoine Simon,Interne
TBL_0143,marketing_campagne_43,Marketing,Madeleine-Audrey Lagarde,Interne
TBL_0144,marketing_croiser_44,Marketing,Alain Cordier,Public
TBL_0145,marketing_taire_45,Marketing,Jean Devaux,Public
TBL_0146,marketing_rapidement_46,Marketing,Denise Bourgeois,Interne
TBL_0147,marketing_rencontrer_47,Marketing,Zacharie Lemonnier,Confidentiel
TBL_0148,marketing_songer_48,Marketing,Thomas-Paul Barre,Public
TBL_0149,marketing_ramasser_49,Marketing,Édouard Roussel,Interne
TBL_0150,marketing_apporter_50,Marketing,Simone Gay,Interne
TBL_0151,ventes_soldat_1,Ventes,Thomas Masson,Interne
TBL_0152,ventes_empire_2,Ventes,Adrien Besson,Interne
TBL_0153,ventes_briser_3,Ventes,Brigitte Alves Le Perrin,Public
TBL_0154,ventes_montagne_4,Ventes,Édouard Arnaud,Interne
TBL_0155,ventes_paysan_5,Ventes,Susanne Valentin,Interne
TBL_0156,ventes_dernier_6,Ventes,Alfred-Jérôme Lesage,Confidentiel
TBL_0157,ventes_cabinet_7,Ventes,Gilles Barbe,Interne
TBL_0158,ventes_peine_8,Ventes,Gabriel Barthelemy,Interne
TBL_0159,ventes_loup_9,Ventes,Inès Garnier,Public
TBL_0160,ventes_tache_10,Ventes,Franck Charrier,Strictement confidentiel
TBL_0161,ventes_refuser_11,Ventes,Paul Picard,Public
TBL_0162,ventes_propre_12,Ventes,William Chauvin de la Lemoine,Interne
TBL_0163,ventes_nommer_13,Ventes,Noël Laroche,Confidentiel
TBL_0164,ventes_ci_14,Ventes,Céline-Éléonore Caron,Confidentiel
TBL_0165,ventes_genre_15,Ventes,Henriette de la Martins,Public
TBL_0166,ventes_prêter_16,Ventes,Sabine Marty-Mary,Confidentiel
TBL_0167,ventes_se_17,Ventes,Constance-Agnès Masson,Interne
TBL_0168,ventes_traiter_18,Ventes,Gabrielle Gros,Interne
TBL_0169,ventes_peau_19,Ventes,Guy Devaux-Delaunay,Interne
TBL_0170,ventes_répéter_20,Ventes,Margaud Brunel,Confidentiel
TBL_0171,ventes_état_21,Ventes,Suzanne-Maryse Lebreton,Interne
TBL_0172,ventes_choisir_22,Ventes,Patrick Lefebvre,Interne
TBL_0173,ventes_falloir_23,Ventes,Céline Verdier,Public
TBL_0174,ventes_disparaître_24,Ventes,Aurélie Alexandre,Public
TBL_0175,ventes_gloire_25,Ventes,Hugues-Émile Dupré,Strictement confidentiel
TBL_0176,ventes_magnifique_26,Ventes,Guillaume Mahe Le Robin,Confidentiel
TBL_0177,ventes_continuer_27,Ventes,Louise Dos Santos-Dubois,Confidentiel
TBL_0178,ventes_toujours_28,Ventes,Michelle Lemaître,Strictement confidentiel
TBL_0179,ventes_tapis_29,Ventes,Théophile Coste-Boucher,Confidentiel
TBL_0180,ventes_recherche_30,Ventes,Jacques Carpentier de la Baudry,Confidentiel
TBL_0181,ventes_terrible_31,Ventes,Élise Le Rousset,Confidentiel
TBL_0182,ventes_action_32,Ventes,Auguste Ferrand,Public
TBL_0183,ventes_salut_33,Ventes,Isaac Rivière-Clément,Public
TBL_0184,ventes_profondément_34,Ventes,Étienne-Alphonse Faure,Confidentiel
TBL_0185,ventes_heure_35,Ventes,Paul Lefèvre,Public
TBL_0186,ventes_on_36,Ventes,Benjamin Courtois,Public
TBL_0187,ventes_apparence_37,Ventes,Alexandre Pruvost,Interne
TBL_0188,ventes_tout_38,Ventes,Marc Normand,Confidentiel
TBL_0189,ventes_fois_39,Ventes,Paul de la Wagner,Interne
TBL_0190,ventes_pourquoi_40,Ventes,Pierre-Lucas Becker,Confidentiel
TBL_0191,ventes_manier_41,Ventes,Antoinette Rousset,Public
TBL_0192,ventes_regretter_42,Ventes,Andrée Le Dupuis,Interne
TBL_0193,ventes_foi_43,Ventes,Laurent Guichard,Interne
TBL_0194,ventes_mensonge_44,Ventes,Thibault Pages du Hervé,Confidentiel
TBL_0195,ventes_désert_45,Ventes,Rémy Delattre,Public
TBL_0196,ventes_situation_46,Ventes,Isabelle de la Perret,Interne
TBL_0197,ventes_encore_47,Ventes,Thibaut Bernard,Interne
TBL_0198,ventes_saluer_48,Ventes,Alfred Didier,Strictement confidentiel
TBL_0199,ventes_chercher_49,Ventes,Benoît Bourdon,Strictement confidentiel
TBL_0200,ventes_partie_50,Ventes,Charles Bertin,Public
